movie_link,movie_title
5hAREZeII5E,"A.R. Rahman - Tere Bina (Lyrics) """"Tere bina beswaadi beswaadi ratiyaan oh sajna"""""
roz9sXFkTuE,Aaj Ki Raat | Stree 2 | Tamannaah Bhatia | Sachin-Jigar | Madhubanti | Divya | Amitabh | 15th August
cc8heIkPqrM,iframe in HTML | use of iframe tag with practical | HTML Tutorial for beginners
qARXCXvQXKY,#32 How to Embed YouTube Video Using iframe Tag in HTML Page | HTML Tutorial | Learn HTML
UPNkOwabRDY,Embed ANY YouTube Video and Autoplay it in HTML
s4BibernJxU,What Is an iFrame? (And How to Use Them)
350_XyLj4-U,HOW TO AD AUTO PLAY VIDEO IN WEBSITE BACKGROUND - USING HTML AND CSS
fTlibxa5Dg0,HTML Iframe Tag Tutorial in Hindi / Urdu
I7LrS1z_WNA,Class ID and iframe | HTML in Hindi
ZLMN8mX3WZY,‡§π‡§Æ‡§®‡•á ‡§¨‡§®‡§æ ‡§¶‡•Ä ‡§∏‡§¨‡§∏‡•á ‡§õ‡•ã‡§ü‡•Ä ‡§ó‡§æ‡•ú‡•Ä | We Made Smallest Car in World | 100% Working
LaUu76vsF_A,"motorola Edge 50 Neo Unboxing - 3X Telephoto üì∏ 120Hz LTPO Displayüì± @ ‚Çπ22, 999 !"
fHEIrc7ze7g,Ram | Psycho Shayar | Full Video | | Music- Nitin Ugalmugale
deUwG_NKIpM,ŸÖŸÜ ÿßŸÑÿ•ÿ≠ÿµÿßÿ° ÿ•ŸÑŸâ ÿßŸÑÿ•ÿπÿµÿßÿ°
IC3DJ4BNfMc,"Infinix Zero 40 5G Unboxing & First Look ‚ö°Dimensity 8200 Ultimate & Infinix AI @‚Çπ24,999*"
xW0ABWnCd4U,Best House In Gujrat - ‡§π‡§Æ‡§æ‡§∞‡§æ ‡§ò‡§∞ ‡§≠‡•Ä ‡§ê‡§∏‡§æ ‡§π‡•Ä ‡§π‡•ã‡§ó‡§æ üòç
q8MJPIu3NuM,"Alan Walker,Joe Jonas,Julia Michaels - Thick Of It All (Official Music Video)"
4g1BpqUep7s,"Alan Walker,Joe Jonas,Julia Michaels - Thick Of It All (Trailer)"
AOCp6hJ1bo0,Alan Walker - Club Leclerc (Racers Mix)
GYBrh38I4rM,Alan Walker feat. Lova - Lifeline
RtwP9_lk53o,Alan Walker feat. Bludnymph - Beautiful Nightmare
GFhSMiKCio8,Neon Nights EP - Announcement Video
